path,fr_score,fr_tokens_found,word_count,h1_text,h1_has_fr
en/a-propos.html,0,,2141,THE OBSESSION WITH PERFORMANCE.,False
en/avis.html,0,,698,Our Clients Speak,False
en/blog-article.html,0,,144,Loading...,False
en/blog.html,0,,774,THE BLOG PIRABEL LABS.,False
en/candidature.html,0,,59,${escapeHtml(job.title)},False
en/carrieres.html,0,,1025,Join Pirabel Labs,False
en/case-study.html,0,,156,,False
en/contact.html,0,,1578,LET'S TALK ABOUT YOUR FUTURE.,False
en/faq.html,0,,1384,FREQUENTLY ASKED.,False
en/gerer-rendez-vous.html,0,,63,,False
en/index.html,0,,2679,THE DIGITAL AGENCY THAT PROPELS YOUR GROWTH.,False
en/mentions-legales.html,0,,276,LEGAL NOTICE,False
en/modifier-devis.html,0,,52,Adjust our proposal,False
en/politique-confidentialite.html,0,,369,PRIVACY POLICY,False
en/rendez-vous.html,0,,101,Book your appointment,False
en/resultats.html,0,,516,CASE STUDIES.,False
en/services.html,0,,2028,EVERYTHING YOU NEED TO DOMINATE.,False
en/agence-creation-sites-web/abidjan.html,2,coût|créer,653,A WEBSITE THAT CONVERTS in Abidjan.,False
en/agence-creation-sites-web/abomey-calavi.html,4,aïbatin|coût|créer|tankpè,1274,A WEBSITE THAT CONVERTS in Abomey-Calavi.,False
en/agence-creation-sites-web/bruxelles.html,2,coût|créer,649,A WEBSITE THAT CONVERTS in Brussels.,False
en/agence-creation-sites-web/casablanca.html,2,coût|créer,659,A WEBSITE THAT CONVERTS in Casablanca.,False
en/agence-creation-sites-web/cotonou.html,2,coût|créer,657,A WEBSITE THAT CONVERTS in Cotonou.,False
en/agence-creation-sites-web/dakar.html,2,coût|créer,657,A WEBSITE THAT CONVERTS in Dakar.,False
en/agence-creation-sites-web/developpement-sur-mesure.html,2,coût|créer,1592,"WHEN CMS SOLUTIONS ARE NOT ENOUGH, WE CODE YOUR SOLUTION.",False
en/agence-creation-sites-web/figma-ui-design.html,2,coût|créer,1733,"INTERFACES THAT CONVERT, NOT JUST DECORATE.",False
en/agence-creation-sites-web/index.html,2,coût|créer,2419,A SITE THAT CONVERTS YOUR VISITORS INTO CLIENTS.,False
en/agence-creation-sites-web/lyon.html,2,coût|créer,655,A WEBSITE THAT CONVERTS in Lyon.,False
en/agence-creation-sites-web/marseille.html,2,coût|créer,651,A WEBSITE THAT CONVERTS in Marseille.,False
en/agence-creation-sites-web/montreal.html,2,coût|créer,647,A WEBSITE THAT CONVERTS in Montreal.,False
en/agence-creation-sites-web/parakou.html,0,,275,WEBSITE CREATION IN Parakou.,False
en/agence-creation-sites-web/paris.html,2,coût|créer,653,A WEBSITE THAT CONVERTS in Paris.,False
en/agence-creation-sites-web/porto-novo.html,1,ouémé,261,WEBSITE CREATION IN Porto-Novo.,False
en/agence-creation-sites-web/shopify.html,2,coût|créer,1548,A SHOPIFY STORE THAT SELLS. NOT JUST EXISTS.,False
en/agence-creation-sites-web/tunis.html,2,coût|créer,655,A WEBSITE THAT CONVERTS in Tunis.,False
en/agence-creation-sites-web/webflow.html,2,coût|créer,1576,"YOUR WEBFLOW SITE PIXEL-PERFECT, DELIVERED IN 3 WEEKS.",False
en/agence-creation-sites-web/wordpress.html,2,coût|créer,1612,CUSTOM WORDPRESS. NO TEMPLATES. NO COMPROMISE.,False
en/agence-design-branding/abidjan.html,4,créer|identité|une|une ,651,A MEMORABLE BRAND in Abidjan.,False
en/agence-design-branding/abomey-calavi.html,5,créer|identité|tankpè|une|une ,1203,A MEMORABLE BRAND in Abomey-Calavi.,False
en/agence-design-branding/bruxelles.html,4,créer|identité|une|une ,647,A MEMORABLE BRAND in Brussels.,False
en/agence-design-branding/casablanca.html,4,créer|identité|une|une ,657,A MEMORABLE BRAND in Casablanca.,False
en/agence-design-branding/charte-graphique.html,4,créer|identité|une|une ,1716,YOUR BRAND CONSISTENCY STARTS HERE.,False
en/agence-design-branding/cotonou.html,4,créer|identité|une|une ,655,A MEMORABLE BRAND in Cotonou.,False
en/agence-design-branding/creation-logo.html,4,créer|identité|une|une ,1563,A LOGO THAT LEAVES A MARK AND STANDS THE TEST OF TIME.,False
en/agence-design-branding/dakar.html,4,créer|identité|une|une ,655,A MEMORABLE BRAND in Dakar.,False
en/agence-design-branding/direction-artistique.html,4,créer|identité|une|une ,1643,A CREATIVE VISION THAT TRANSCENDS THE ORDINARY.,False
en/agence-design-branding/identite-visuelle.html,4,créer|identité|une|une ,1753,YOUR BRAND DESERVES AN IDENTITY THAT TRULY REPRESENTS IT.,False
en/agence-design-branding/index.html,4,créer|identité|une|une ,2713,A STRONG BRAND STARTS WITH MEMORABLE DESIGN.,False
en/agence-design-branding/lyon.html,4,créer|identité|une|une ,653,A MEMORABLE BRAND in Lyon.,False
en/agence-design-branding/marseille.html,4,créer|identité|une|une ,649,A MEMORABLE BRAND in Marseille.,False
en/agence-design-branding/montreal.html,4,créer|identité|une|une ,645,A MEMORABLE BRAND in Montreal.,False
en/agence-design-branding/packaging-design.html,4,créer|identité|une|une ,1642,YOUR PACKAGING IS YOUR BEST SILENT SALESPERSON.,False
en/agence-design-branding/parakou.html,0,,280,DESIGN & BRANDING IN Parakou.,False
en/agence-design-branding/paris.html,4,créer|identité|une|une ,651,A MEMORABLE BRAND in Paris.,False
en/agence-design-branding/porto-novo.html,1,ouémé,266,DESIGN & BRANDING IN Porto-Novo.,False
en/agence-design-branding/tunis.html,4,créer|identité|une|une ,653,A MEMORABLE BRAND in Tunis.,False
en/agence-email-marketing-crm/abidjan.html,3,améliorer|son|séquences,655,EMAILS THAT SELL in Abidjan.,False
en/agence-email-marketing-crm/abomey-calavi.html,4,améliorer|fongbé|son|séquences,1177,EMAILS THAT SELL in Abomey-Calavi.,False
en/agence-email-marketing-crm/brevo-sendinblue.html,3,améliorer|son|séquences,991,EMAIL MARKETING THAT CONVERTS. BREVO. AUTOMATION. RESULTS.,False
en/agence-email-marketing-crm/bruxelles.html,3,améliorer|son|séquences,651,EMAILS THAT SELL in Brussels.,False
en/agence-email-marketing-crm/campagnes-emailing.html,3,améliorer|son|séquences,1656,"EMAILS THAT LAND, GET OPENED AND SELL.",False
en/agence-email-marketing-crm/casablanca.html,3,améliorer|son|séquences,661,EMAILS THAT SELL in Casablanca.,False
en/agence-email-marketing-crm/cotonou.html,3,améliorer|son|séquences,659,EMAILS THAT SELL in Cotonou.,False
en/agence-email-marketing-crm/crm-setup.html,3,améliorer|son|séquences,1637,"A CRM THAT WORKS FOR YOU, NOT AGAINST YOU.",False
en/agence-email-marketing-crm/dakar.html,3,améliorer|son|séquences,659,EMAILS THAT SELL in Dakar.,False
en/agence-email-marketing-crm/hubspot-crm.html,3,améliorer|son|séquences,929,MANAGE YOUR LEADS. CONVERT MORE. HUBSPOT CRM. ALL IN ONE PLACE.,False
en/agence-email-marketing-crm/index.html,3,améliorer|son|séquences,2400,"YOUR EMAILS SHOULD SELL, NOT SLEEP IN SPAM FOLDERS.",False
en/agence-email-marketing-crm/lyon.html,3,améliorer|son|séquences,657,EMAILS THAT SELL in Lyon.,False
en/agence-email-marketing-crm/mailchimp.html,3,améliorer|son|séquences,735,NEWSLETTERS THAT TRULY ENGAGE. MAILCHIMP. PROFESSIONAL. EFFECTIVE.,False
en/agence-email-marketing-crm/marketing-automation.html,3,améliorer|son|séquences,1592,SEQUENCES THAT SELL WHILE YOU SLEEP.,False
en/agence-email-marketing-crm/marseille.html,3,améliorer|son|séquences,653,EMAILS THAT SELL in Marseille.,False
en/agence-email-marketing-crm/montreal.html,3,améliorer|son|séquences,649,EMAILS THAT SELL in Montreal.,False
en/agence-email-marketing-crm/parakou.html,0,,285,EMAIL MARKETING & CRM IN Parakou.,False
en/agence-email-marketing-crm/paris.html,3,améliorer|son|séquences,655,EMAILS THAT SELL in Paris.,False
en/agence-email-marketing-crm/porto-novo.html,1,ouémé,271,EMAIL MARKETING & CRM IN Porto-Novo.,False
en/agence-email-marketing-crm/sequences-nurturing.html,3,améliorer|son|séquences,1659,TURN YOUR COLD PROSPECTS INTO WARM CLIENTS.,False
en/agence-email-marketing-crm/tunis.html,3,améliorer|son|séquences,657,EMAILS THAT SELL in Tunis.,False
en/agence-ia-automatisation/abidjan.html,1,entreprise,653,AUTOMATE YOUR BUSINESS in Abidjan.,False
en/agence-ia-automatisation/abomey-calavi.html,1,entreprise,1217,AUTOMATE YOUR BUSINESS in Abomey-Calavi.,False
en/agence-ia-automatisation/agents-ia.html,1,entreprise,1688,AN AUTONOMOUS DIGITAL COLLABORATOR. IT ANALYZES. IT DECIDES. IT ACTS.,False
en/agence-ia-automatisation/bruxelles.html,1,entreprise,649,AUTOMATE YOUR BUSINESS in Brussels.,False
en/agence-ia-automatisation/casablanca.html,1,entreprise,659,AUTOMATE YOUR BUSINESS in Casablanca.,False
en/agence-ia-automatisation/chatbots-ia.html,1,entreprise,1638,AN AI ASSISTANT THAT NEVER SLEEPS. AVAILABLE 24/7. MULTILINGUAL.,False
en/agence-ia-automatisation/chatgpt-entreprise.html,1,entreprise,791,CHATGPT AT THE SERVICE OF YOUR BUSINESS. INTEGRATION. TRAINING. RESULTS.,False
en/agence-ia-automatisation/claude-ia-entreprise.html,1,entreprise,796,THE MOST RELIABLE AI FOR YOUR BUSINESS. CLAUDE. SECURITY. PRECISION.,False
en/agence-ia-automatisation/cotonou.html,1,entreprise,657,AUTOMATE YOUR BUSINESS in Cotonou.,False
en/agence-ia-automatisation/creation-chatbot.html,1,entreprise,1141,A CHATBOT THAT WORKS FOR YOU 24/7.,False
en/agence-ia-automatisation/dakar.html,1,entreprise,657,AUTOMATE YOUR BUSINESS in Dakar.,False
en/agence-ia-automatisation/index.html,1,entreprise,2345,AUTOMATE YOUR BUSINESS. FREE UP YOUR TIME.,False
en/agence-ia-automatisation/lyon.html,1,entreprise,658,AUTOMATE YOUR BUSINESS in Lyon.,False
en/agence-ia-automatisation/make-automatisation.html,1,entreprise,1513,AUTOMATE EVERYTHING WITH MAKE. VISUALLY. POWERFULLY.,False
en/agence-ia-automatisation/marseille.html,1,entreprise,651,AUTOMATE YOUR BUSINESS in Marseille.,False
en/agence-ia-automatisation/montreal.html,1,entreprise,647,AUTOMATE YOUR BUSINESS in Montreal.,False
en/agence-ia-automatisation/n8n-automatisation.html,1,entreprise,1527,OPEN-SOURCE. SELF-HOSTED. YOUR DATA STAYS YOURS.,False
en/agence-ia-automatisation/parakou.html,0,,279,AI & AUTOMATION IN Parakou.,False
en/agence-ia-automatisation/paris.html,1,entreprise,653,AUTOMATE YOUR BUSINESS in Paris.,False
en/agence-ia-automatisation/porto-novo.html,1,ouémé,265,AI & AUTOMATION IN Porto-Novo.,False
en/agence-ia-automatisation/tunis.html,1,entreprise,655,AUTOMATE YOUR BUSINESS in Tunis.,False
en/agence-ia-automatisation/zapier-automatisation.html,1,entreprise,1519,SIMPLE. FAST. 5000+ APPS. AUTOMATE IN JUST A FEW DAYS.,False
en/agence-publicite-payante-sea-ads/abidjan.html,3,débutant|publicité|son,649,MAXIMIZE YOUR ROI in Abidjan.,False
en/agence-publicite-payante-sea-ads/abomey-calavi.html,9,aïbatin|débutant|fongbé|générale|publicité|société|son|tankpè,1218,MAXIMIZE YOUR ROI in Abomey-Calavi.,False
en/agence-publicite-payante-sea-ads/bruxelles.html,3,débutant|publicité|son,645,MAXIMIZE YOUR ROI in Brussels.,False
en/agence-publicite-payante-sea-ads/casablanca.html,3,débutant|publicité|son,655,MAXIMIZE YOUR ROI in Casablanca.,False
en/agence-publicite-payante-sea-ads/cotonou.html,3,débutant|publicité|son,653,MAXIMIZE YOUR ROI in Cotonou.,False
en/agence-publicite-payante-sea-ads/dakar.html,3,débutant|publicité|son,653,MAXIMIZE YOUR ROI in Dakar.,False
en/agence-publicite-payante-sea-ads/google-ads.html,3,débutant|publicité|son,1598,YOUR CLIENTS ARE ALREADY SEARCHING. BE THERE.,False
en/agence-publicite-payante-sea-ads/index.html,3,débutant|publicité|son,2389,EVERY EURO INVESTED MUST PAY YOU BACK.,False
en/agence-publicite-payante-sea-ads/linkedin-ads.html,3,débutant|publicité|son,1866,TARGET DECISION-MAKERS. NOT THE CURIOUS.,False
en/agence-publicite-payante-sea-ads/lyon.html,3,débutant|publicité|son,651,MAXIMIZE YOUR ROI in Lyon.,False
en/agence-publicite-payante-sea-ads/marseille.html,3,débutant|publicité|son,647,MAXIMIZE YOUR ROI in Marseille.,False
en/agence-publicite-payante-sea-ads/meta-ads-facebook-instagram.html,3,débutant|publicité|son,1713,STOP THE SCROLL. TRIGGER THE PURCHASE.,False
en/agence-publicite-payante-sea-ads/montreal.html,3,débutant|publicité|son,643,MAXIMIZE YOUR ROI in Montreal.,False
en/agence-publicite-payante-sea-ads/parakou.html,0,,276,PAID ADVERTISING IN Parakou.,False
en/agence-publicite-payante-sea-ads/paris.html,3,débutant|publicité|son,649,MAXIMIZE YOUR ROI in Paris.,False
en/agence-publicite-payante-sea-ads/porto-novo.html,1,ouémé,262,PAID ADVERTISING IN Porto-Novo.,False
en/agence-publicite-payante-sea-ads/tiktok-ads.html,3,débutant|publicité|son,1786,DON'T MAKE ADS. MAKE TIKTOKS.,False
en/agence-publicite-payante-sea-ads/tunis.html,3,débutant|publicité|son,651,MAXIMIZE YOUR ROI in Tunis.,False
en/agence-redaction-content-marketing/abidjan.html,6,rédiger|stratégie|une|une |éditoriale,642,CONTENT THAT ATTRACTS in Abidjan.,False
en/agence-redaction-content-marketing/abomey-calavi.html,8,fongbé|rédiger|stratégie|une|une |éditoriale,1202,CONTENT THAT ATTRACTS in Abomey-Calavi.,False
en/agence-redaction-content-marketing/articles-blog-seo.html,6,rédiger|stratégie|une|une |éditoriale,1518,ARTICLES THAT RANK ON PAGE ONE AND CONVERT.,False
en/agence-redaction-content-marketing/bruxelles.html,6,rédiger|stratégie|une|une |éditoriale,638,CONTENT THAT ATTRACTS in Brussels.,False
en/agence-redaction-content-marketing/casablanca.html,6,rédiger|stratégie|une|une |éditoriale,648,CONTENT THAT ATTRACTS in Casablanca.,False
en/agence-redaction-content-marketing/copywriting.html,6,rédiger|stratégie|une|une |éditoriale,1469,WORDS THAT CAPTURE ATTENTION IN 3 SECONDS AND TRIGGER ACTION.,False
en/agence-redaction-content-marketing/cotonou.html,6,rédiger|stratégie|une|une |éditoriale,646,CONTENT THAT ATTRACTS in Cotonou.,False
en/agence-redaction-content-marketing/dakar.html,6,rédiger|stratégie|une|une |éditoriale,646,CONTENT THAT ATTRACTS in Dakar.,False
en/agence-redaction-content-marketing/index.html,6,rédiger|stratégie|une|une |éditoriale,2405,"CONTENT THAT ATTRACTS, CONVINCES AND CONVERTS.",False
en/agence-redaction-content-marketing/lyon.html,6,rédiger|stratégie|une|une |éditoriale,644,CONTENT THAT ATTRACTS in Lyon.,False
en/agence-redaction-content-marketing/marseille.html,6,rédiger|stratégie|une|une |éditoriale,640,CONTENT THAT ATTRACTS in Marseille.,False
en/agence-redaction-content-marketing/montreal.html,6,rédiger|stratégie|une|une |éditoriale,636,CONTENT THAT ATTRACTS in Montreal.,False
en/agence-redaction-content-marketing/pages-de-vente.html,6,rédiger|stratégie|une|une |éditoriale,1438,PAGES THAT TURN YOUR VISITORS INTO CLIENTS.,False
en/agence-redaction-content-marketing/parakou.html,0,,274,CONTENT MARKETING IN Parakou.,False
en/agence-redaction-content-marketing/paris.html,6,rédiger|stratégie|une|une |éditoriale,642,CONTENT THAT ATTRACTS in Paris.,False
en/agence-redaction-content-marketing/porto-novo.html,1,ouémé,260,CONTENT MARKETING IN Porto-Novo.,False
en/agence-redaction-content-marketing/strategie-editoriale.html,6,rédiger|stratégie|une|une |éditoriale,1507,STOP PUBLISHING AT RANDOM. BUILD A STRATEGY.,False
en/agence-redaction-content-marketing/tunis.html,6,rédiger|stratégie|une|une |éditoriale,644,CONTENT THAT ATTRACTS in Tunis.,False
en/agence-sales-funnels-cro/ab-testing.html,0,,1503,STOP GUESSING. START PROVING.,False
en/agence-sales-funnels-cro/abidjan.html,0,,648,CONVERT MORE in Abidjan.,False
en/agence-sales-funnels-cro/abomey-calavi.html,0,,1187,CONVERT MORE in Abomey-Calavi.,False
en/agence-sales-funnels-cro/bruxelles.html,0,,644,CONVERT MORE in Brussels.,False
en/agence-sales-funnels-cro/casablanca.html,0,,654,CONVERT MORE in Casablanca.,False
en/agence-sales-funnels-cro/clickfunnels.html,0,,1024,FUNNELS THAT CONVERT. CLICKFUNNELS. MAXIMUM PERFORMANCE.,False
en/agence-sales-funnels-cro/cotonou.html,0,,652,CONVERT MORE in Cotonou.,False
en/agence-sales-funnels-cro/dakar.html,0,,652,CONVERT MORE in Dakar.,False
en/agence-sales-funnels-cro/index.html,0,,2487,TURN YOUR VISITORS INTO BUYERS.,False
en/agence-sales-funnels-cro/kajabi.html,0,,969,SELL YOUR ONLINE COURSES. KAJABI. PREMIUM ALL-IN-ONE.,False
en/agence-sales-funnels-cro/landing-pages.html,0,,1596,YOUR CLICKS DESERVE TO BECOME CUSTOMERS.,False
en/agence-sales-funnels-cro/lyon.html,0,,650,CONVERT MORE in Lyon.,False
en/agence-sales-funnels-cro/marseille.html,0,,646,CONVERT MORE in Marseille.,False
en/agence-sales-funnels-cro/montreal.html,0,,642,CONVERT MORE in Montreal.,False
en/agence-sales-funnels-cro/optimisation-conversion.html,0,,1582,WE DO NOT REBUILD YOUR SITE. WE IMPROVE IT.,False
en/agence-sales-funnels-cro/parakou.html,0,,284,SALES FUNNELS & CRO IN Parakou.,False
en/agence-sales-funnels-cro/paris.html,0,,648,CONVERT MORE in Paris.,False
en/agence-sales-funnels-cro/porto-novo.html,1,ouémé,270,SALES FUNNELS & CRO IN Porto-Novo.,False
en/agence-sales-funnels-cro/systeme-io.html,0,,1222,AUTOMATED SALES FUNNELS. SYSTEME.IO. ALL-IN-ONE.,False
en/agence-sales-funnels-cro/tunis.html,0,,650,CONVERT MORE in Tunis.,False
en/agence-sales-funnels-cro/tunnels-de-vente.html,0,,1655,"GUIDE YOUR PROSPECTS TO PURCHASE, STEP BY STEP.",False
en/agence-seo-referencement-naturel/abidjan.html,5,complète|débutants|qui|rédiger|stratégie,650,DOMINATE GOOGLE IN Abidjan.,False
en/agence-seo-referencement-naturel/abomey-calavi.html,5,complète|débutants|qui|rédiger|stratégie,931,DOMINATE GOOGLE IN Abomey-Calavi.,False
en/agence-seo-referencement-naturel/audit-seo.html,5,complète|débutants|qui|rédiger|stratégie,1616,DO YOU KNOW WHAT IS BLOCKING YOUR VISIBILITY?,False
en/agence-seo-referencement-naturel/bruxelles.html,5,complète|débutants|qui|rédiger|stratégie,646,DOMINATE GOOGLE IN Brussels.,False
en/agence-seo-referencement-naturel/casablanca.html,5,complète|débutants|qui|rédiger|stratégie,656,DOMINATE GOOGLE IN Casablanca.,False
en/agence-seo-referencement-naturel/cotonou.html,5,complète|débutants|qui|rédiger|stratégie,654,DOMINATE GOOGLE IN Cotonou.,False
en/agence-seo-referencement-naturel/dakar.html,5,complète|débutants|qui|rédiger|stratégie,654,DOMINATE GOOGLE IN Dakar.,False
en/agence-seo-referencement-naturel/fiche-google.html,5,complète|débutants|qui|rédiger|stratégie,1622,YOUR GOOGLE LISTING SHOULD WORK FOR YOU.,False
en/agence-seo-referencement-naturel/index.html,5,complète|débutants|qui|rédiger|stratégie,2112,,False
en/agence-seo-referencement-naturel/lyon.html,5,complète|débutants|qui|rédiger|stratégie,652,DOMINATE GOOGLE IN Lyon.,False
en/agence-seo-referencement-naturel/marseille.html,5,complète|débutants|qui|rédiger|stratégie,648,DOMINATE GOOGLE IN Marseille.,False
en/agence-seo-referencement-naturel/montreal.html,5,complète|débutants|qui|rédiger|stratégie,644,DOMINATE GOOGLE IN Montreal.,False
en/agence-seo-referencement-naturel/netlinking.html,5,complète|débutants|qui|rédiger|stratégie,1608,LINKS THAT BUILD YOUR AUTHORITY.,False
en/agence-seo-referencement-naturel/parakou.html,0,,276,SEO AGENCY IN Parakou.,False
en/agence-seo-referencement-naturel/paris.html,5,complète|débutants|qui|rédiger|stratégie,650,DOMINATE GOOGLE IN Paris.,False
en/agence-seo-referencement-naturel/porto-novo.html,1,ouémé,262,SEO AGENCY IN Porto-Novo.,False
en/agence-seo-referencement-naturel/redaction-seo.html,5,complète|débutants|qui|rédiger|stratégie,1615,"CONTENT THAT ATTRACTS, CONVINCES AND CONVERTS.",False
en/agence-seo-referencement-naturel/seo-local.html,5,complète|débutants|qui|rédiger|stratégie,1547,YOUR CLIENTS ARE SEARCHING NEARBY. BE FOUND.,False
en/agence-seo-referencement-naturel/seo-technique.html,5,complète|débutants|qui|rédiger|stratégie,1499,YOUR SITE IS INVISIBLE TO GOOGLE?,False
en/agence-seo-referencement-naturel/tunis.html,5,complète|débutants|qui|rédiger|stratégie,652,DOMINATE GOOGLE IN Tunis.,False
en/agence-social-media/abidjan.html,5,réseaux|stratégie|vidéo|éditorial,645,CONSTRUISEZ YOUR COMMUNAUTE in Abidjan.,False
en/agence-social-media/abomey-calavi.html,5,réseaux|stratégie|vidéo|éditorial,1175,CONSTRUISEZ YOUR COMMUNAUTE in Abomey-Calavi.,False
en/agence-social-media/bruxelles.html,5,réseaux|stratégie|vidéo|éditorial,641,CONSTRUISEZ YOUR COMMUNAUTE in Brussels.,False
en/agence-social-media/casablanca.html,5,réseaux|stratégie|vidéo|éditorial,651,CONSTRUISEZ YOUR COMMUNAUTE in Casablanca.,False
en/agence-social-media/community-management.html,5,réseaux|stratégie|vidéo|éditorial,1517,ENGAGE YOUR COMMUNITY. BUILD REAL CONNECTIONS.,False
en/agence-social-media/cotonou.html,5,réseaux|stratégie|vidéo|éditorial,649,CONSTRUISEZ YOUR COMMUNAUTE in Cotonou.,False
en/agence-social-media/creation-contenu-social.html,5,réseaux|stratégie|vidéo|éditorial,1564,CONTENT THAT STOPS THE SCROLL. AND CONVERTS.,False
en/agence-social-media/dakar.html,5,réseaux|stratégie|vidéo|éditorial,649,CONSTRUISEZ YOUR COMMUNAUTE in Dakar.,False
en/agence-social-media/index.html,5,réseaux|stratégie|vidéo|éditorial,2268,TURN YOUR FOLLOWERS INTO LOYAL CUSTOMERS.,False
en/agence-social-media/influence-marketing.html,5,réseaux|stratégie|vidéo|éditorial,1550,ACTIVATE THE RIGHT CREATORS. BOOST YOUR BRAND.,False
en/agence-social-media/lyon.html,5,réseaux|stratégie|vidéo|éditorial,647,CONSTRUISEZ YOUR COMMUNAUTE in Lyon.,False
en/agence-social-media/marseille.html,5,réseaux|stratégie|vidéo|éditorial,643,CONSTRUISEZ YOUR COMMUNAUTE in Marseille.,False
en/agence-social-media/montreal.html,5,réseaux|stratégie|vidéo|éditorial,639,CONSTRUISEZ YOUR COMMUNAUTE in Montreal.,False
en/agence-social-media/parakou.html,0,,274,SOCIAL MEDIA IN Parakou.,False
en/agence-social-media/paris.html,5,réseaux|stratégie|vidéo|éditorial,645,CONSTRUISEZ YOUR COMMUNAUTE in Paris.,False
en/agence-social-media/porto-novo.html,1,ouémé,260,SOCIAL MEDIA IN Porto-Novo.,False
en/agence-social-media/strategie-social-media.html,5,réseaux|stratégie|vidéo|éditorial,1559,STOP POSTING INTO THE VOID. HAVE A PLAN.,False
en/agence-social-media/tunis.html,5,réseaux|stratégie|vidéo|éditorial,647,CONSTRUISEZ YOUR COMMUNAUTE in Tunis.,False
en/agence-video-motion-design/abidjan.html,7,réseaux|réussir|sa|vidéo,656,VIDEOS THAT STAND OUT in Abidjan.,False
en/agence-video-motion-design/abomey-calavi.html,7,réseaux|réussir|sa|vidéo,1175,VIDEOS THAT STAND OUT in Abomey-Calavi.,False
en/agence-video-motion-design/bruxelles.html,7,réseaux|réussir|sa|vidéo,652,VIDEOS THAT STAND OUT in Brussels.,False
en/agence-video-motion-design/casablanca.html,7,réseaux|réussir|sa|vidéo,662,VIDEOS THAT STAND OUT in Casablanca.,False
en/agence-video-motion-design/cotonou.html,7,réseaux|réussir|sa|vidéo,660,VIDEOS THAT STAND OUT in Cotonou.,False
en/agence-video-motion-design/dakar.html,7,réseaux|réussir|sa|vidéo,660,VIDEOS THAT STAND OUT in Dakar.,False
en/agence-video-motion-design/index.html,7,réseaux|réussir|sa|vidéo,2503,VIDEOS THAT CAPTURE ATTENTION AND STAND OUT.,False
en/agence-video-motion-design/lyon.html,7,réseaux|réussir|sa|vidéo,658,VIDEOS THAT STAND OUT in Lyon.,False
en/agence-video-motion-design/marseille.html,7,réseaux|réussir|sa|vidéo,654,VIDEOS THAT STAND OUT in Marseille.,False
en/agence-video-motion-design/miniature-youtube.html,7,réseaux|réussir|sa|vidéo,1589,THUMBNAILS THAT GET CLICKS.,False
en/agence-video-motion-design/montage-video.html,7,réseaux|réussir|sa|vidéo,1684,PROFESSIONAL VIDEO EDITING THAT MAKES THE DIFFERENCE.,False
en/agence-video-motion-design/montreal.html,7,réseaux|réussir|sa|vidéo,650,VIDEOS THAT STAND OUT in Montreal.,False
en/agence-video-motion-design/motion-design.html,7,réseaux|réussir|sa|vidéo,1567,MOTION DESIGN THAT BRINGS LIFE TO YOUR IDEAS.,False
en/agence-video-motion-design/parakou.html,0,,284,VIDEO & MOTION DESIGN IN Parakou.,False
en/agence-video-motion-design/paris.html,7,réseaux|réussir|sa|vidéo,656,VIDEOS THAT STAND OUT in Paris.,False
en/agence-video-motion-design/porto-novo.html,1,ouémé,270,VIDEO & MOTION DESIGN IN Porto-Novo.,False
en/agence-video-motion-design/tunis.html,7,réseaux|réussir|sa|vidéo,658,VIDEOS THAT STAND OUT in Tunis.,False
en/agence-video-motion-design/video-corporate.html,7,réseaux|réussir|sa|vidéo,1579,A CORPORATE VIDEO THAT TELLS YOUR STORY.,False
en/agence-video-motion-design/video-reseaux-sociaux.html,7,réseaux|réussir|sa|vidéo,1609,VIDEOS THAT STOP THE SCROLL.,False
en/blog/automatisation-marketing-guide-outils-strategies.html,0,,3262,Marketing Automation: Complete Guide to Tools and strategy,False
en/blog/branding-identite-visuelle-construire-marque-forte.html,0,,3554,Branding and Visual Identity: How to Build a Strong Brand,False
en/blog/chatbot-ia-service-client-guide.html,0,,1368,AI Chatbots: Revolutionize Your Customer Service and Boost Your Conversions,False
en/blog/content-marketing-strategie-contenu-2026.html,0,,1843,Content Marketing: The Complete Guide to Content Strategy in 2026,False
en/blog/copywriting-techniques-vente-en-ligne.html,0,,1433,Copywriting: Proven Techniques to Boost Your Online Sales,False
en/blog/core-web-vitals-optimisation-performance.html,0,,2267,Core Web Vitals: The Complete Guide to Web Performance Optimization,False
en/blog/creation-site-web-professionnel-etapes-essentielles.html,0,,4006,Professional Website Creation: Essential Steps for Success,False
en/blog/email-marketing-strategies-guide-complet.html,0,,1583,Email Marketing: Complete Strategy Guide for 2026,False
en/blog/google-analytics-4-guide-debutant.html,0,,2616,Google Analytics 4: The Complete Beginner's Guide,False
en/blog/intelligence-artificielle-marketing-digital-2026.html,0,,3527,Artificial Intelligence in Digital Marketing: Complete Guide 2026,False
en/blog/linkedin-marketing-b2b-guide-complet.html,0,,2041,LinkedIn Marketing for B2B: The Complete Guide,False
en/blog/marketing-automation-guide-entreprises.html,0,,1631,Marketing Automation: The Complete Guide for Businesses,False
en/blog/netlinking-backlinks-strategie-seo.html,0,,1544,Link Building and Backlinks: Complete SEO Strategy Guide,False
en/blog/optimisation-taux-conversion-cro-guide.html,0,,1299,Conversion Rate Optimization (CRO): The Complete Guide,False
en/blog/publicite-en-ligne-google-ads-meta-ads-guide.html,0,,3452,Online Advertising: Complete Guide to Google Ads and Meta Ads,False
en/blog/seo-local-guide-pme-commerces.html,0,,1245,Local SEO: The Complete Guide for SMBs and Local Businesses,False
en/blog/seo-referencement-naturel-guide-complet-2026.html,0,,3739,SEO and Organic Search: The Complete Guide for 2026,False
en/blog/strategie-social-media-reseaux-sociaux-2026.html,0,,3406,Social Media Strategy: The Complete Guide for 2026,False
en/blog/tiktok-marketing-strategies-2026.html,0,,1522,TikTok Marketing: Winning strategy for 2026,False
en/blog/tunnels-de-vente-sales-funnel-guide.html,0,,1418,Sales Funnels: The Complete Guide to Building High-Converting Funnels,False
en/blog/ux-design-tendances-2026.html,0,,1455,UX Design Trends for 2026: Creating Exceptional User Experiences,False
en/blog/video-marketing-strategie-guide-2026.html,0,,2072,Video Marketing: Complete Strategy Guide for 2026,False
en/blog/wordpress-vs-shopify-comparatif-cms-2026.html,0,,1085,WordPress vs Shopify: Complete CMS Comparison for 2026,False
en/consulting-digital/audit-digital.html,0,,630,MEASURE. ANALYZE. IDENTIFY THE GAPS. 360 DIGITAL AUDIT.,False
en/consulting-digital/conseil-ecommerce.html,0,,660,SELL ONLINE. SCALE YOUR SALES. EXPERT E-COMMERCE CONSULTING.,False
en/consulting-digital/conseil-startup.html,0,,650,LAUNCH. TEST. SCALE. RAPID GROWTH. DIGITAL STARTUP CONSULTING.,False
en/consulting-digital/index.html,0,,1749,A DIGITAL STRATEGY THAT CHANGES THE GAME.,False
en/consulting-digital/strategie-digitale.html,0,,669,DEFINE YOUR DIRECTION. EXECUTE WITH PRECISION. TAILORED DIGITAL STRATEGY.,False
en/consulting-digital/transformation-digitale.html,0,,642,DIGITALIZE YOUR PROCESSES. MODERNIZE YOUR TOOLS. SUCCESSFUL DIGITAL TRANSFORMATI,False
en/formation-digitale/formation-analytics.html,0,,660,UNDERSTAND YOUR DATA. DECIDE WITH DATA. GOOGLE ANALYTICS 4 TRAINING.,False
en/formation-digitale/formation-google-ads.html,0,,660,MASTER GOOGLE ADS. MAXIMIZE YOUR ROI. GOOGLE ADVERTISING TRAINING.,False
en/formation-digitale/formation-ia-marketing.html,0,,660,AI AT THE SERVICE OF YOUR MARKETING. AI & BUSINESS TRAINING.,False
en/formation-digitale/formation-marketing-digital.html,0,,631,MASTER DIGITAL. ALL THE LEVERS. DIGITAL MARKETING TRAINING.,False
en/formation-digitale/formation-reseaux-sociaux.html,0,,644,MASTER SOCIAL MEDIA. ENGAGE YOUR AUDIENCE. SOCIAL MEDIA TRAINING.,False
en/formation-digitale/formation-seo.html,0,,636,LEARN SEO. DOMINATE GOOGLE. ORGANIC SEO TRAINING.,False
en/formation-digitale/formation-wordpress.html,0,,650,BUILD YOUR WEBSITE. MANAGE IT YOURSELF. WORDPRESS TRAINING.,False
en/formation-digitale/index.html,0,,1733,MASTER DIGITAL SKILLS. BECOME SELF-SUFFICIENT.,False
en/guides/ab-testing-guide-complet.html,0,,1337,A/B Testing: Complete Guide to Optimizing Your Conversions,False
en/guides/agents-ia-cas-usage-marketing.html,0,,1301,AI Agents: Marketing Use Cases and Applications,False
en/guides/articles-seo-rediger-guide.html,0,,1290,Writing SEO Articles: Complete Guide to Ranking on Page One,False
en/guides/audit-seo-checklist-complete.html,0,,2470,SEO Audit Checklist: 50 Essential Checkpoints,False
en/guides/automatisation-marketing-ia-guide.html,0,,1582,AI Marketing Automation: Complete Guide,False
en/guides/branding-startup-guide-complet.html,0,,1301,Startup Branding: Complete Guide to Building Your Brand,False
en/guides/budget-publicitaire-optimiser.html,0,,1405,Optimizing Your Advertising Budget: Complete Guide,False
en/guides/calendrier-editorial-social-media.html,0,,1393,Social Media Editorial Calendar: Complete Guide,False
en/guides/charte-graphique-elements-essentiels.html,0,,1300,Brand Guidelines: Essential element for a Strong Identity,False
en/guides/chatbot-ia-entreprise-guide.html,0,,1496,AI Chatbot for Business: Complete Implementation Guide,False
en/guides/comment-creer-site-web-performant-2026.html,0,,1532,How to Create a High-Performance Website in 2026,False
en/guides/community-management-bonnes-pratiques.html,0,,1296,Community Management: Best Practices Guide,False
en/guides/content-marketing-strategie-guide.html,0,,1348,Content Marketing Strategy: Complete Guide,False
en/guides/copywriting-techniques-conversion.html,0,,1350,Copywriting Techniques for Conversion: Complete Guide,False
en/guides/cout-creation-site-web-guide.html,0,,1474,Website Creation Cost Guide: How Much Does a Website Cost?,False
en/guides/crm-choisir-configurer-guide.html,0,,1299,Choosing and Configuring Your CRM: Complete Guide,False
en/guides/email-marketing-guide-complet.html,0,,1300,Email Marketing: Complete Guide for 2026,False
en/guides/google-ads-guide-debutant.html,0,,1546,Google Ads for Beginners: Complete Guide 2026,False
en/guides/guide-complet-seo-debutant.html,0,,2781,The Complete SEO Guide for Beginners (2026),False
en/guides/identite-visuelle-creer-guide.html,0,,1299,Create a Strong Visual Identity: Complete Guide,False
en/guides/index.html,0,,617,THE FUTURE OF DIGITAL MARKETING.,False
en/guides/influence-marketing-guide-complet.html,0,,1350,Influencer Marketing: Complete Guide for 2026,False
en/guides/landing-page-parfaite-guide.html,0,,1397,The Perfect Landing Page: Complete Optimization Guide,False
en/guides/make-vs-zapier-comparatif.html,0,,1501,Make vs Zapier vs N8N: Complete Comparison 2026,False
en/guides/marketing-automation-sequences.html,0,,1391,Marketing Automation Sequences: Complete Guide,False
en/guides/meta-ads-roi-maximiser.html,0,,1500,Maximize Your Meta Ads ROI: Complete Guide,False
en/guides/montage-video-outils-techniques.html,0,,1297,Video Editing: Tools and Techniques Guide,False
en/guides/motion-design-marketing-guide.html,0,,1297,Motion Design for Marketing: Complete Guide,False
en/guides/retargeting-strategies-avancees.html,0,,1364,Advanced Retargeting strategy: Complete Guide,False
en/guides/seo-local-google-business.html,0,,2480,Local SEO and Google Business Profile: Complete Guide,False
en/guides/strategie-editoriale-construire.html,0,,1393,Building Your Editorial Strategy: Complete Guide,False
en/guides/strategie-netlinking-ethique.html,0,,2554,Ethical Link Building Strategy: Complete Guide,False
en/guides/strategie-social-media-2026.html,0,,1395,Social Media Strategy for 2026: Complete Guide,False
en/guides/taux-conversion-ameliorer.html,0,,1394,How to Improve Your Conversion Rate: Complete Guide,False
en/guides/taux-ouverture-email-ameliorer.html,0,,1303,How to Improve Your Email Open Rate: Complete Guide,False
en/guides/tendances-design-graphique-2026.html,0,,1352,Graphic Design Trends for 2026: Complete Guide,False
en/guides/tunnel-vente-creer-optimiser.html,0,,1371,Sales Funnel: How to Create and Optimize,False
en/guides/ux-design-principes-conversion.html,0,,1406,UX Design Principles for Conversion: Complete Guide,False
en/guides/video-corporate-reussir.html,0,,1298,Corporate Video: How to Succeed,False
en/guides/video-reseaux-sociaux-formats.html,0,,1395,Social Media Video Formats: Complete Guide 2026,False
en/guides/webflow-vs-wordpress-comparatif.html,0,,1480,Webflow vs WordPress: Complete Comparison 2026,False
en/outils-digitaux/index.html,0,,631,THE BEST TOOLS. TESTED AND COMPARED. DIGITAL TOOLS GUIDES.,False
en/outils-digitaux/outils-email-marketing.html,0,,659,BREVO. MAILCHIMP. ACTIVECAMPAIGN. GUIDE EMAIL MARKETING 2026.,False
en/outils-digitaux/outils-seo.html,0,,705,SEMRUSH. AHREFS. SCREAMING FROG. SEO TOOLS GUIDE 2026.,False
en/agence-video-motion-design/montage-video/abidjan.html,0,,531,Video Editing in Abidjan.,False
en/agence-video-motion-design/montage-video/bruxelles.html,0,,532,Video Editing in Brussels.,False
en/agence-video-motion-design/montage-video/casablanca.html,0,,538,Video Editing in Casablanca.,False
en/agence-video-motion-design/montage-video/cotonou.html,0,,535,Video Editing in Cotonou.,False
en/agence-video-motion-design/montage-video/dakar.html,0,,538,Video Editing in Dakar.,False
en/agence-video-motion-design/montage-video/lyon.html,0,,532,Video Editing in Lyon.,False
en/agence-video-motion-design/montage-video/marseille.html,0,,530,Video Editing in Marseille.,False
en/agence-video-motion-design/montage-video/montreal.html,0,,530,Video Editing in Montreal.,False
en/agence-video-motion-design/montage-video/paris.html,0,,532,Video Editing in Paris.,False
en/agence-video-motion-design/montage-video/tunis.html,0,,536,Video Editing in Tunis.,False
en/agence-video-motion-design/motion-design/abidjan.html,0,,532,Motion Design in Abidjan.,False
en/agence-video-motion-design/motion-design/bruxelles.html,0,,533,Motion Design in Brussels.,False
en/agence-video-motion-design/motion-design/casablanca.html,0,,539,Motion Design in Casablanca.,False
en/agence-video-motion-design/motion-design/cotonou.html,0,,536,Motion Design in Cotonou.,False
en/agence-video-motion-design/motion-design/dakar.html,0,,539,Motion Design in Dakar.,False
en/agence-video-motion-design/motion-design/lyon.html,0,,533,Motion Design in Lyon.,False
en/agence-video-motion-design/motion-design/marseille.html,0,,531,Motion Design in Marseille.,False
en/agence-video-motion-design/motion-design/montreal.html,0,,531,Motion Design in Montreal.,False
en/agence-video-motion-design/motion-design/paris.html,0,,533,Motion Design in Paris.,False
en/agence-video-motion-design/motion-design/tunis.html,0,,537,Motion Design in Tunis.,False
en/agence-video-motion-design/video-corporate/abidjan.html,0,,531,Corporate Video in Abidjan.,False
en/agence-video-motion-design/video-corporate/bruxelles.html,0,,532,Corporate Video in Brussels.,False
en/agence-video-motion-design/video-corporate/casablanca.html,0,,538,Corporate Video in Casablanca.,False
en/agence-video-motion-design/video-corporate/cotonou.html,0,,535,Corporate Video in Cotonou.,False
en/agence-video-motion-design/video-corporate/dakar.html,0,,538,Corporate Video in Dakar.,False
en/agence-video-motion-design/video-corporate/lyon.html,0,,532,Corporate Video in Lyon.,False
en/agence-video-motion-design/video-corporate/marseille.html,0,,530,Corporate Video in Marseille.,False
en/agence-video-motion-design/video-corporate/montreal.html,0,,530,Corporate Video in Montreal.,False
en/agence-video-motion-design/video-corporate/paris.html,0,,532,Corporate Video in Paris.,False
en/agence-video-motion-design/video-corporate/tunis.html,0,,536,Corporate Video in Tunis.,False
en/agence-video-motion-design/video-reseaux-sociaux/abidjan.html,0,,547,Social Media Video in Abidjan.,False
en/agence-video-motion-design/video-reseaux-sociaux/bruxelles.html,0,,548,Social Media Video in Brussels.,False
en/agence-video-motion-design/video-reseaux-sociaux/casablanca.html,0,,554,Social Media Video in Casablanca.,False
en/agence-video-motion-design/video-reseaux-sociaux/cotonou.html,0,,551,Social Media Video in Cotonou.,False
en/agence-video-motion-design/video-reseaux-sociaux/dakar.html,0,,554,Social Media Video in Dakar.,False
en/agence-video-motion-design/video-reseaux-sociaux/lyon.html,0,,548,Social Media Video in Lyon.,False
en/agence-video-motion-design/video-reseaux-sociaux/marseille.html,0,,546,Social Media Video in Marseille.,False
en/agence-video-motion-design/video-reseaux-sociaux/montreal.html,0,,546,Social Media Video in Montreal.,False
en/agence-video-motion-design/video-reseaux-sociaux/paris.html,0,,548,Social Media Video in Paris.,False
en/agence-video-motion-design/video-reseaux-sociaux/tunis.html,0,,552,Social Media Video in Tunis.,False
en/agence-social-media/community-management/abidjan.html,0,,530,Community Management in Abidjan.,False
en/agence-social-media/community-management/bruxelles.html,0,,531,Community Management in Brussels.,False
en/agence-social-media/community-management/casablanca.html,0,,537,Community Management in Casablanca.,False
en/agence-social-media/community-management/cotonou.html,0,,534,Community Management in Cotonou.,False
en/agence-social-media/community-management/dakar.html,0,,537,Community Management in Dakar.,False
en/agence-social-media/community-management/lyon.html,0,,531,Community Management in Lyon.,False
en/agence-social-media/community-management/marseille.html,0,,529,Community Management in Marseille.,False
en/agence-social-media/community-management/montreal.html,0,,529,Community Management in Montreal.,False
en/agence-social-media/community-management/paris.html,0,,531,Community Management in Paris.,False
en/agence-social-media/community-management/tunis.html,0,,535,Community Management in Tunis.,False
en/agence-social-media/creation-contenu-social/abidjan.html,0,,545,Social Content Creation in Abidjan.,False
en/agence-social-media/creation-contenu-social/bruxelles.html,0,,546,Social Content Creation in Brussels.,False
en/agence-social-media/creation-contenu-social/casablanca.html,0,,552,Social Content Creation in Casablanca.,False
en/agence-social-media/creation-contenu-social/cotonou.html,0,,549,Social Content Creation in Cotonou.,False
en/agence-social-media/creation-contenu-social/dakar.html,0,,552,Social Content Creation in Dakar.,False
en/agence-social-media/creation-contenu-social/lyon.html,0,,546,Social Content Creation in Lyon.,False
en/agence-social-media/creation-contenu-social/marseille.html,0,,544,Social Content Creation in Marseille.,False
en/agence-social-media/creation-contenu-social/montreal.html,0,,544,Social Content Creation in Montreal.,False
en/agence-social-media/creation-contenu-social/paris.html,0,,546,Social Content Creation in Paris.,False
en/agence-social-media/creation-contenu-social/tunis.html,0,,550,Social Content Creation in Tunis.,False
en/agence-social-media/influence-marketing/abidjan.html,0,,529,Influencer Marketing in Abidjan.,False
en/agence-social-media/influence-marketing/bruxelles.html,0,,530,Influencer Marketing in Brussels.,False
en/agence-social-media/influence-marketing/casablanca.html,0,,536,Influencer Marketing in Casablanca.,False
en/agence-social-media/influence-marketing/cotonou.html,0,,533,Influencer Marketing in Cotonou.,False
en/agence-social-media/influence-marketing/dakar.html,0,,536,Influencer Marketing in Dakar.,False
en/agence-social-media/influence-marketing/lyon.html,0,,530,Influencer Marketing in Lyon.,False
en/agence-social-media/influence-marketing/marseille.html,0,,528,Influencer Marketing in Marseille.,False
en/agence-social-media/influence-marketing/montreal.html,0,,528,Influencer Marketing in Montreal.,False
en/agence-social-media/influence-marketing/paris.html,0,,530,Influencer Marketing in Paris.,False
en/agence-social-media/influence-marketing/tunis.html,0,,534,Influencer Marketing in Tunis.,False
en/agence-social-media/strategie-social-media/abidjan.html,0,,545,Strategy Social Media in Abidjan.,False
en/agence-social-media/strategie-social-media/bruxelles.html,0,,546,Strategy Social Media in Brussels.,False
en/agence-social-media/strategie-social-media/casablanca.html,0,,552,Strategy Social Media in Casablanca.,False
en/agence-social-media/strategie-social-media/cotonou.html,0,,549,Strategy Social Media in Cotonou.,False
en/agence-social-media/strategie-social-media/dakar.html,0,,552,Strategy Social Media in Dakar.,False
en/agence-social-media/strategie-social-media/lyon.html,0,,546,Strategy Social Media in Lyon.,False
en/agence-social-media/strategie-social-media/marseille.html,0,,544,Strategy Social Media in Marseille.,False
en/agence-social-media/strategie-social-media/montreal.html,0,,544,Strategy Social Media in Montreal.,False
en/agence-social-media/strategie-social-media/paris.html,0,,546,Strategy Social Media in Paris.,False
en/agence-social-media/strategie-social-media/tunis.html,0,,550,Strategy Social Media in Tunis.,False
en/agence-seo-referencement-naturel/audit-seo/abidjan.html,0,,533,SEO Audit in Abidjan.,False
en/agence-seo-referencement-naturel/audit-seo/bruxelles.html,0,,534,SEO Audit in Brussels.,False
en/agence-seo-referencement-naturel/audit-seo/casablanca.html,0,,540,SEO Audit in Casablanca.,False
en/agence-seo-referencement-naturel/audit-seo/cotonou.html,0,,537,SEO Audit in Cotonou.,False
en/agence-seo-referencement-naturel/audit-seo/dakar.html,0,,540,SEO Audit in Dakar.,False
en/agence-seo-referencement-naturel/audit-seo/lyon.html,0,,538,SEO Audit in Lyon.,False
en/agence-seo-referencement-naturel/audit-seo/marseille.html,0,,532,SEO Audit in Marseille.,False
en/agence-seo-referencement-naturel/audit-seo/montreal.html,0,,532,SEO Audit in Montreal.,False
en/agence-seo-referencement-naturel/audit-seo/paris.html,0,,534,SEO Audit in Paris.,False
en/agence-seo-referencement-naturel/audit-seo/tunis.html,0,,538,SEO Audit in Tunis.,False
en/agence-seo-referencement-naturel/netlinking/abidjan.html,0,,533,Link Building in Abidjan.,False
en/agence-seo-referencement-naturel/netlinking/bruxelles.html,0,,534,Link Building in Brussels.,False
en/agence-seo-referencement-naturel/netlinking/casablanca.html,0,,540,Link Building in Casablanca.,False
en/agence-seo-referencement-naturel/netlinking/cotonou.html,0,,537,Link Building in Cotonou.,False
en/agence-seo-referencement-naturel/netlinking/dakar.html,0,,540,Link Building in Dakar.,False
en/agence-seo-referencement-naturel/netlinking/lyon.html,0,,534,Link Building in Lyon.,False
en/agence-seo-referencement-naturel/netlinking/marseille.html,0,,532,Link Building in Marseille.,False
en/agence-seo-referencement-naturel/netlinking/montreal.html,0,,532,Link Building in Montreal.,False
en/agence-seo-referencement-naturel/netlinking/paris.html,0,,534,Link Building in Paris.,False
en/agence-seo-referencement-naturel/netlinking/tunis.html,0,,538,Link Building in Tunis.,False
en/agence-seo-referencement-naturel/redaction-seo/abidjan.html,0,,533,SEO Writing in Abidjan.,False
en/agence-seo-referencement-naturel/redaction-seo/bruxelles.html,0,,534,SEO Writing in Brussels.,False
en/agence-seo-referencement-naturel/redaction-seo/casablanca.html,0,,540,SEO Writing in Casablanca.,False
en/agence-seo-referencement-naturel/redaction-seo/cotonou.html,0,,537,SEO Writing in Cotonou.,False
en/agence-seo-referencement-naturel/redaction-seo/dakar.html,0,,540,SEO Writing in Dakar.,False
en/agence-seo-referencement-naturel/redaction-seo/lyon.html,0,,534,SEO Writing in Lyon.,False
en/agence-seo-referencement-naturel/redaction-seo/marseille.html,0,,532,SEO Writing in Marseille.,False
en/agence-seo-referencement-naturel/redaction-seo/montreal.html,0,,532,SEO Writing in Montreal.,False
en/agence-seo-referencement-naturel/redaction-seo/paris.html,0,,534,SEO Writing in Paris.,False
en/agence-seo-referencement-naturel/redaction-seo/tunis.html,0,,538,SEO Writing in Tunis.,False
en/agence-seo-referencement-naturel/seo-local/abidjan.html,0,,533,Local SEO in Abidjan.,False
en/agence-seo-referencement-naturel/seo-local/bruxelles.html,0,,534,Local SEO in Brussels.,False
en/agence-seo-referencement-naturel/seo-local/casablanca.html,0,,540,Local SEO in Casablanca.,False
en/agence-seo-referencement-naturel/seo-local/cotonou.html,0,,537,Local SEO in Cotonou.,False
en/agence-seo-referencement-naturel/seo-local/dakar.html,0,,540,Local SEO in Dakar.,False
en/agence-seo-referencement-naturel/seo-local/lyon.html,0,,539,Local SEO in Lyon.,False
en/agence-seo-referencement-naturel/seo-local/marseille.html,0,,532,Local SEO in Marseille.,False
en/agence-seo-referencement-naturel/seo-local/montreal.html,0,,532,Local SEO in Montreal.,False
en/agence-seo-referencement-naturel/seo-local/paris.html,0,,534,Local SEO in Paris.,False
en/agence-seo-referencement-naturel/seo-local/tunis.html,0,,538,Local SEO in Tunis.,False
en/agence-seo-referencement-naturel/seo-technique/abidjan.html,0,,533,Technical SEO in Abidjan.,False
en/agence-seo-referencement-naturel/seo-technique/bruxelles.html,0,,534,Technical SEO in Brussels.,False
en/agence-seo-referencement-naturel/seo-technique/casablanca.html,0,,540,Technical SEO in Casablanca.,False
en/agence-seo-referencement-naturel/seo-technique/cotonou.html,0,,537,Technical SEO in Cotonou.,False
en/agence-seo-referencement-naturel/seo-technique/dakar.html,0,,540,Technical SEO in Dakar.,False
en/agence-seo-referencement-naturel/seo-technique/lyon.html,0,,534,Technical SEO in Lyon.,False
en/agence-seo-referencement-naturel/seo-technique/marseille.html,0,,532,Technical SEO in Marseille.,False
en/agence-seo-referencement-naturel/seo-technique/montreal.html,0,,532,Technical SEO in Montreal.,False
en/agence-seo-referencement-naturel/seo-technique/paris.html,0,,534,Technical SEO in Paris.,False
en/agence-seo-referencement-naturel/seo-technique/tunis.html,0,,538,Technical SEO in Tunis.,False
en/agence-sales-funnels-cro/ab-testing/abidjan.html,0,,534,A/B Testing in Abidjan.,False
en/agence-sales-funnels-cro/ab-testing/bruxelles.html,0,,535,A/B Testing in Brussels.,False
en/agence-sales-funnels-cro/ab-testing/casablanca.html,0,,541,A/B Testing in Casablanca.,False
en/agence-sales-funnels-cro/ab-testing/cotonou.html,0,,538,A/B Testing in Cotonou.,False
en/agence-sales-funnels-cro/ab-testing/dakar.html,0,,541,A/B Testing in Dakar.,False
en/agence-sales-funnels-cro/ab-testing/lyon.html,0,,535,A/B Testing in Lyon.,False
en/agence-sales-funnels-cro/ab-testing/marseille.html,0,,533,A/B Testing in Marseille.,False
en/agence-sales-funnels-cro/ab-testing/montreal.html,0,,533,A/B Testing in Montreal.,False
en/agence-sales-funnels-cro/ab-testing/paris.html,0,,535,A/B Testing in Paris.,False
en/agence-sales-funnels-cro/ab-testing/tunis.html,0,,539,A/B Testing in Tunis.,False
en/agence-sales-funnels-cro/landing-pages/abidjan.html,0,,534,Landing Pages in Abidjan.,False
en/agence-sales-funnels-cro/landing-pages/bruxelles.html,0,,535,Landing Pages in Brussels.,False
en/agence-sales-funnels-cro/landing-pages/casablanca.html,0,,541,Landing Pages in Casablanca.,False
en/agence-sales-funnels-cro/landing-pages/cotonou.html,0,,538,Landing Pages in Cotonou.,False
en/agence-sales-funnels-cro/landing-pages/dakar.html,0,,541,Landing Pages in Dakar.,False
en/agence-sales-funnels-cro/landing-pages/lyon.html,0,,535,Landing Pages in Lyon.,False
en/agence-sales-funnels-cro/landing-pages/marseille.html,0,,533,Landing Pages in Marseille.,False
en/agence-sales-funnels-cro/landing-pages/montreal.html,0,,533,Landing Pages in Montreal.,False
en/agence-sales-funnels-cro/landing-pages/paris.html,0,,535,Landing Pages in Paris.,False
en/agence-sales-funnels-cro/landing-pages/tunis.html,0,,539,Landing Pages in Tunis.,False
en/agence-sales-funnels-cro/optimisation-conversion/abidjan.html,0,,533,Conversion Optimization in Abidjan.,False
en/agence-sales-funnels-cro/optimisation-conversion/bruxelles.html,0,,534,Conversion Optimization in Brussels.,False
en/agence-sales-funnels-cro/optimisation-conversion/casablanca.html,0,,540,Conversion Optimization in Casablanca.,False
en/agence-sales-funnels-cro/optimisation-conversion/cotonou.html,0,,537,Conversion Optimization in Cotonou.,False
en/agence-sales-funnels-cro/optimisation-conversion/dakar.html,0,,540,Conversion Optimization in Dakar.,False
en/agence-sales-funnels-cro/optimisation-conversion/lyon.html,0,,534,Conversion Optimization in Lyon.,False
en/agence-sales-funnels-cro/optimisation-conversion/marseille.html,0,,532,Conversion Optimization in Marseille.,False
en/agence-sales-funnels-cro/optimisation-conversion/montreal.html,0,,532,Conversion Optimization in Montreal.,False
en/agence-sales-funnels-cro/optimisation-conversion/paris.html,0,,534,Conversion Optimization in Paris.,False
en/agence-sales-funnels-cro/optimisation-conversion/tunis.html,0,,538,Conversion Optimization in Tunis.,False
en/agence-sales-funnels-cro/tunnels-de-vente/abidjan.html,0,,533,Sales Funnels in Abidjan.,False
en/agence-sales-funnels-cro/tunnels-de-vente/bruxelles.html,0,,534,Sales Funnels in Brussels.,False
en/agence-sales-funnels-cro/tunnels-de-vente/casablanca.html,0,,540,Sales Funnels in Casablanca.,False
en/agence-sales-funnels-cro/tunnels-de-vente/cotonou.html,0,,537,Sales Funnels in Cotonou.,False
en/agence-sales-funnels-cro/tunnels-de-vente/dakar.html,0,,540,Sales Funnels in Dakar.,False
en/agence-sales-funnels-cro/tunnels-de-vente/lyon.html,0,,534,Sales Funnels in Lyon.,False
en/agence-sales-funnels-cro/tunnels-de-vente/marseille.html,0,,532,Sales Funnels in Marseille.,False
en/agence-sales-funnels-cro/tunnels-de-vente/montreal.html,0,,532,Sales Funnels in Montreal.,False
en/agence-sales-funnels-cro/tunnels-de-vente/paris.html,0,,534,Sales Funnels in Paris.,False
en/agence-sales-funnels-cro/tunnels-de-vente/tunis.html,0,,538,Sales Funnels in Tunis.,False
en/agence-redaction-content-marketing/articles-blog-seo/abidjan.html,0,,545,SEO Blog Articles in Abidjan.,False
en/agence-redaction-content-marketing/articles-blog-seo/bruxelles.html,0,,546,SEO Blog Articles in Brussels.,False
en/agence-redaction-content-marketing/articles-blog-seo/casablanca.html,0,,552,SEO Blog Articles in Casablanca.,False
en/agence-redaction-content-marketing/articles-blog-seo/cotonou.html,0,,549,SEO Blog Articles in Cotonou.,False
en/agence-redaction-content-marketing/articles-blog-seo/dakar.html,0,,552,SEO Blog Articles in Dakar.,False
en/agence-redaction-content-marketing/articles-blog-seo/lyon.html,0,,546,SEO Blog Articles in Lyon.,False
en/agence-redaction-content-marketing/articles-blog-seo/marseille.html,0,,544,SEO Blog Articles in Marseille.,False
en/agence-redaction-content-marketing/articles-blog-seo/montreal.html,0,,544,SEO Blog Articles in Montreal.,False
en/agence-redaction-content-marketing/articles-blog-seo/paris.html,0,,546,SEO Blog Articles in Paris.,False
en/agence-redaction-content-marketing/articles-blog-seo/tunis.html,0,,550,SEO Blog Articles in Tunis.,False
en/agence-redaction-content-marketing/copywriting/abidjan.html,0,,514,Copywriting in Abidjan.,False
en/agence-redaction-content-marketing/copywriting/bruxelles.html,0,,515,Copywriting in Brussels.,False
en/agence-redaction-content-marketing/copywriting/casablanca.html,0,,521,Copywriting in Casablanca.,False
en/agence-redaction-content-marketing/copywriting/cotonou.html,0,,518,Copywriting in Cotonou.,False
en/agence-redaction-content-marketing/copywriting/dakar.html,0,,521,Copywriting in Dakar.,False
en/agence-redaction-content-marketing/copywriting/lyon.html,0,,515,Copywriting in Lyon.,False
en/agence-redaction-content-marketing/copywriting/marseille.html,0,,513,Copywriting in Marseille.,False
en/agence-redaction-content-marketing/copywriting/montreal.html,0,,513,Copywriting in Montreal.,False
en/agence-redaction-content-marketing/copywriting/paris.html,0,,515,Copywriting in Paris.,False
en/agence-redaction-content-marketing/copywriting/tunis.html,0,,519,Copywriting in Tunis.,False
en/agence-redaction-content-marketing/pages-de-vente/abidjan.html,0,,529,Sales Pages in Abidjan.,False
en/agence-redaction-content-marketing/pages-de-vente/bruxelles.html,0,,530,Sales Pages in Brussels.,False
en/agence-redaction-content-marketing/pages-de-vente/casablanca.html,0,,536,Sales Pages in Casablanca.,False
en/agence-redaction-content-marketing/pages-de-vente/cotonou.html,0,,533,Sales Pages in Cotonou.,False
en/agence-redaction-content-marketing/pages-de-vente/dakar.html,0,,536,Sales Pages in Dakar.,False
en/agence-redaction-content-marketing/pages-de-vente/lyon.html,0,,530,Sales Pages in Lyon.,False
en/agence-redaction-content-marketing/pages-de-vente/marseille.html,0,,528,Sales Pages in Marseille.,False
en/agence-redaction-content-marketing/pages-de-vente/montreal.html,0,,528,Sales Pages in Montreal.,False
en/agence-redaction-content-marketing/pages-de-vente/paris.html,0,,530,Sales Pages in Paris.,False
en/agence-redaction-content-marketing/pages-de-vente/tunis.html,0,,534,Sales Pages in Tunis.,False
en/agence-redaction-content-marketing/strategie-editoriale/abidjan.html,0,,529,Editorial Strategy in Abidjan.,False
en/agence-redaction-content-marketing/strategie-editoriale/bruxelles.html,0,,530,Editorial Strategy in Brussels.,False
en/agence-redaction-content-marketing/strategie-editoriale/casablanca.html,0,,536,Editorial Strategy in Casablanca.,False
en/agence-redaction-content-marketing/strategie-editoriale/cotonou.html,0,,533,Editorial Strategy in Cotonou.,False
en/agence-redaction-content-marketing/strategie-editoriale/dakar.html,0,,536,Editorial Strategy in Dakar.,False
en/agence-redaction-content-marketing/strategie-editoriale/lyon.html,0,,530,Editorial Strategy in Lyon.,False
en/agence-redaction-content-marketing/strategie-editoriale/marseille.html,0,,528,Editorial Strategy in Marseille.,False
en/agence-redaction-content-marketing/strategie-editoriale/montreal.html,0,,528,Editorial Strategy in Montreal.,False
en/agence-redaction-content-marketing/strategie-editoriale/paris.html,0,,530,Editorial Strategy in Paris.,False
en/agence-redaction-content-marketing/strategie-editoriale/tunis.html,0,,534,Editorial Strategy in Tunis.,False
en/agence-publicite-payante-sea-ads/google-ads/abidjan.html,0,,530,Google Ads in Abidjan.,False
en/agence-publicite-payante-sea-ads/google-ads/bruxelles.html,0,,531,Google Ads in Brussels.,False
en/agence-publicite-payante-sea-ads/google-ads/casablanca.html,0,,537,Google Ads in Casablanca.,False
en/agence-publicite-payante-sea-ads/google-ads/cotonou.html,0,,534,Google Ads in Cotonou.,False
en/agence-publicite-payante-sea-ads/google-ads/dakar.html,0,,537,Google Ads in Dakar.,False
en/agence-publicite-payante-sea-ads/google-ads/lyon.html,0,,531,Google Ads in Lyon.,False
en/agence-publicite-payante-sea-ads/google-ads/marseille.html,0,,529,Google Ads in Marseille.,False
en/agence-publicite-payante-sea-ads/google-ads/montreal.html,0,,529,Google Ads in Montreal.,False
en/agence-publicite-payante-sea-ads/google-ads/paris.html,0,,531,Google Ads in Paris.,False
en/agence-publicite-payante-sea-ads/google-ads/tunis.html,0,,535,Google Ads in Tunis.,False
en/agence-publicite-payante-sea-ads/linkedin-ads/abidjan.html,0,,530,LinkedIn Ads in Abidjan.,False
en/agence-publicite-payante-sea-ads/linkedin-ads/bruxelles.html,0,,531,LinkedIn Ads in Brussels.,False
en/agence-publicite-payante-sea-ads/linkedin-ads/casablanca.html,0,,537,LinkedIn Ads in Casablanca.,False
en/agence-publicite-payante-sea-ads/linkedin-ads/cotonou.html,0,,534,LinkedIn Ads in Cotonou.,False
en/agence-publicite-payante-sea-ads/linkedin-ads/dakar.html,0,,537,LinkedIn Ads in Dakar.,False
en/agence-publicite-payante-sea-ads/linkedin-ads/lyon.html,0,,531,LinkedIn Ads in Lyon.,False
en/agence-publicite-payante-sea-ads/linkedin-ads/marseille.html,0,,529,LinkedIn Ads in Marseille.,False
en/agence-publicite-payante-sea-ads/linkedin-ads/montreal.html,0,,529,LinkedIn Ads in Montreal.,False
en/agence-publicite-payante-sea-ads/linkedin-ads/paris.html,0,,531,LinkedIn Ads in Paris.,False
en/agence-publicite-payante-sea-ads/linkedin-ads/tunis.html,0,,535,LinkedIn Ads in Tunis.,False
en/agence-publicite-payante-sea-ads/meta-ads-facebook-instagram/abidjan.html,0,,530,Meta Ads in Abidjan.,False
en/agence-publicite-payante-sea-ads/meta-ads-facebook-instagram/bruxelles.html,0,,531,Meta Ads in Brussels.,False
en/agence-publicite-payante-sea-ads/meta-ads-facebook-instagram/casablanca.html,0,,537,Meta Ads in Casablanca.,False
en/agence-publicite-payante-sea-ads/meta-ads-facebook-instagram/cotonou.html,0,,534,Meta Ads in Cotonou.,False
en/agence-publicite-payante-sea-ads/meta-ads-facebook-instagram/dakar.html,0,,537,Meta Ads in Dakar.,False
en/agence-publicite-payante-sea-ads/meta-ads-facebook-instagram/lyon.html,0,,531,Meta Ads in Lyon.,False
en/agence-publicite-payante-sea-ads/meta-ads-facebook-instagram/marseille.html,0,,529,Meta Ads in Marseille.,False
en/agence-publicite-payante-sea-ads/meta-ads-facebook-instagram/montreal.html,0,,529,Meta Ads in Montreal.,False
en/agence-publicite-payante-sea-ads/meta-ads-facebook-instagram/paris.html,0,,531,Meta Ads in Paris.,False
en/agence-publicite-payante-sea-ads/meta-ads-facebook-instagram/tunis.html,0,,535,Meta Ads in Tunis.,False
en/agence-publicite-payante-sea-ads/tiktok-ads/abidjan.html,0,,530,TikTok Ads in Abidjan.,False
en/agence-publicite-payante-sea-ads/tiktok-ads/bruxelles.html,0,,531,TikTok Ads in Brussels.,False
en/agence-publicite-payante-sea-ads/tiktok-ads/casablanca.html,0,,537,TikTok Ads in Casablanca.,False
en/agence-publicite-payante-sea-ads/tiktok-ads/cotonou.html,0,,534,TikTok Ads in Cotonou.,False
en/agence-publicite-payante-sea-ads/tiktok-ads/dakar.html,0,,537,TikTok Ads in Dakar.,False
en/agence-publicite-payante-sea-ads/tiktok-ads/lyon.html,0,,531,TikTok Ads in Lyon.,False
en/agence-publicite-payante-sea-ads/tiktok-ads/marseille.html,0,,529,TikTok Ads in Marseille.,False
en/agence-publicite-payante-sea-ads/tiktok-ads/montreal.html,0,,529,TikTok Ads in Montreal.,False
en/agence-publicite-payante-sea-ads/tiktok-ads/paris.html,0,,531,TikTok Ads in Paris.,False
en/agence-publicite-payante-sea-ads/tiktok-ads/tunis.html,0,,535,TikTok Ads in Tunis.,False
en/agence-ia-automatisation/agents-ia/abidjan.html,0,,530,AI Agents in Abidjan.,False
en/agence-ia-automatisation/agents-ia/bruxelles.html,0,,531,AI Agents in Brussels.,False
en/agence-ia-automatisation/agents-ia/casablanca.html,0,,538,AI Agents in Casablanca.,False
en/agence-ia-automatisation/agents-ia/cotonou.html,0,,535,AI Agents in Cotonou.,False
en/agence-ia-automatisation/agents-ia/dakar.html,0,,537,AI Agents in Dakar.,False
en/agence-ia-automatisation/agents-ia/lyon.html,0,,534,AI Agents in Lyon.,False
en/agence-ia-automatisation/agents-ia/marseille.html,0,,529,AI Agents in Marseille.,False
en/agence-ia-automatisation/agents-ia/montreal.html,0,,529,AI Agents in Montreal.,False
en/agence-ia-automatisation/agents-ia/paris.html,0,,532,AI Agents in Paris.,False
en/agence-ia-automatisation/agents-ia/tunis.html,0,,535,AI Agents in Tunis.,False
en/agence-ia-automatisation/chatbots-ia/abidjan.html,0,,530,AI Chatbots in Abidjan.,False
en/agence-ia-automatisation/chatbots-ia/bruxelles.html,0,,531,AI Chatbots in Brussels.,False
en/agence-ia-automatisation/chatbots-ia/casablanca.html,0,,538,AI Chatbots in Casablanca.,False
en/agence-ia-automatisation/chatbots-ia/cotonou.html,0,,535,AI Chatbots in Cotonou.,False
en/agence-ia-automatisation/chatbots-ia/dakar.html,0,,537,AI Chatbots in Dakar.,False
en/agence-ia-automatisation/chatbots-ia/lyon.html,0,,531,AI Chatbots in Lyon.,False
en/agence-ia-automatisation/chatbots-ia/marseille.html,0,,529,AI Chatbots in Marseille.,False
en/agence-ia-automatisation/chatbots-ia/montreal.html,0,,529,AI Chatbots in Montreal.,False
en/agence-ia-automatisation/chatbots-ia/paris.html,0,,532,AI Chatbots in Paris.,False
en/agence-ia-automatisation/chatbots-ia/tunis.html,0,,535,AI Chatbots in Tunis.,False
en/agence-ia-automatisation/make-automatisation/abidjan.html,0,,530,Automation Make in Abidjan.,False
en/agence-ia-automatisation/make-automatisation/bruxelles.html,0,,531,Automation Make in Brussels.,False
en/agence-ia-automatisation/make-automatisation/casablanca.html,0,,538,Automation Make in Casablanca.,False
en/agence-ia-automatisation/make-automatisation/cotonou.html,0,,535,Automation Make in Cotonou.,False
en/agence-ia-automatisation/make-automatisation/dakar.html,0,,537,Automation Make in Dakar.,False
en/agence-ia-automatisation/make-automatisation/lyon.html,0,,531,Automation Make in Lyon.,False
en/agence-ia-automatisation/make-automatisation/marseille.html,0,,529,Automation Make in Marseille.,False
en/agence-ia-automatisation/make-automatisation/montreal.html,0,,529,Automation Make in Montreal.,False
en/agence-ia-automatisation/make-automatisation/paris.html,0,,532,Automation Make in Paris.,False
en/agence-ia-automatisation/make-automatisation/tunis.html,0,,535,Automation Make in Tunis.,False
en/agence-ia-automatisation/n8n-automatisation/abidjan.html,0,,530,Automation N8N in Abidjan.,False
en/agence-ia-automatisation/n8n-automatisation/bruxelles.html,0,,531,Automation N8N in Brussels.,False
en/agence-ia-automatisation/n8n-automatisation/casablanca.html,0,,538,Automation N8N in Casablanca.,False
en/agence-ia-automatisation/n8n-automatisation/cotonou.html,0,,535,Automation N8N in Cotonou.,False
en/agence-ia-automatisation/n8n-automatisation/dakar.html,0,,537,Automation N8N in Dakar.,False
en/agence-ia-automatisation/n8n-automatisation/lyon.html,0,,531,Automation N8N in Lyon.,False
en/agence-ia-automatisation/n8n-automatisation/marseille.html,0,,529,Automation N8N in Marseille.,False
en/agence-ia-automatisation/n8n-automatisation/montreal.html,0,,529,Automation N8N in Montreal.,False
en/agence-ia-automatisation/n8n-automatisation/paris.html,0,,532,Automation N8N in Paris.,False
en/agence-ia-automatisation/n8n-automatisation/tunis.html,0,,535,Automation N8N in Tunis.,False
en/agence-ia-automatisation/zapier-automatisation/abidjan.html,0,,529,Automation Zapier in Abidjan.,False
en/agence-ia-automatisation/zapier-automatisation/bruxelles.html,0,,530,Automation Zapier in Brussels.,False
en/agence-ia-automatisation/zapier-automatisation/casablanca.html,0,,537,Automation Zapier in Casablanca.,False
en/agence-ia-automatisation/zapier-automatisation/cotonou.html,0,,534,Automation Zapier in Cotonou.,False
en/agence-ia-automatisation/zapier-automatisation/dakar.html,0,,536,Automation Zapier in Dakar.,False
en/agence-ia-automatisation/zapier-automatisation/lyon.html,0,,530,Automation Zapier in Lyon.,False
en/agence-ia-automatisation/zapier-automatisation/marseille.html,0,,528,Automation Zapier in Marseille.,False
en/agence-ia-automatisation/zapier-automatisation/montreal.html,0,,528,Automation Zapier in Montreal.,False
en/agence-ia-automatisation/zapier-automatisation/paris.html,0,,531,Automation Zapier in Paris.,False
en/agence-ia-automatisation/zapier-automatisation/tunis.html,0,,534,Automation Zapier in Tunis.,False
en/agence-email-marketing-crm/campagnes-emailing/abidjan.html,0,,529,Email Campaigns in Abidjan.,False
en/agence-email-marketing-crm/campagnes-emailing/bruxelles.html,0,,530,Email Campaigns in Brussels.,False
en/agence-email-marketing-crm/campagnes-emailing/casablanca.html,0,,536,Email Campaigns in Casablanca.,False
en/agence-email-marketing-crm/campagnes-emailing/cotonou.html,0,,533,Email Campaigns in Cotonou.,False
en/agence-email-marketing-crm/campagnes-emailing/dakar.html,0,,536,Email Campaigns in Dakar.,False
en/agence-email-marketing-crm/campagnes-emailing/lyon.html,0,,530,Email Campaigns in Lyon.,False
en/agence-email-marketing-crm/campagnes-emailing/marseille.html,0,,528,Email Campaigns in Marseille.,False
en/agence-email-marketing-crm/campagnes-emailing/montreal.html,0,,528,Email Campaigns in Montreal.,False
en/agence-email-marketing-crm/campagnes-emailing/paris.html,0,,530,Email Campaigns in Paris.,False
en/agence-email-marketing-crm/campagnes-emailing/tunis.html,0,,534,Email Campaigns in Tunis.,False
en/agence-email-marketing-crm/crm-setup/abidjan.html,0,,530,CRM Setup in Abidjan.,False
en/agence-email-marketing-crm/crm-setup/bruxelles.html,0,,531,CRM Setup in Brussels.,False
en/agence-email-marketing-crm/crm-setup/casablanca.html,0,,537,CRM Setup in Casablanca.,False
en/agence-email-marketing-crm/crm-setup/cotonou.html,0,,534,CRM Setup in Cotonou.,False
en/agence-email-marketing-crm/crm-setup/dakar.html,0,,537,CRM Setup in Dakar.,False
en/agence-email-marketing-crm/crm-setup/lyon.html,0,,531,CRM Setup in Lyon.,False
en/agence-email-marketing-crm/crm-setup/marseille.html,0,,529,CRM Setup in Marseille.,False
en/agence-email-marketing-crm/crm-setup/montreal.html,0,,529,CRM Setup in Montreal.,False
en/agence-email-marketing-crm/crm-setup/paris.html,0,,531,CRM Setup in Paris.,False
en/agence-email-marketing-crm/crm-setup/tunis.html,0,,535,CRM Setup in Tunis.,False
en/agence-email-marketing-crm/marketing-automation/abidjan.html,0,,530,Marketing Automation in Abidjan.,False
en/agence-email-marketing-crm/marketing-automation/bruxelles.html,0,,531,Marketing Automation in Brussels.,False
en/agence-email-marketing-crm/marketing-automation/casablanca.html,0,,537,Marketing Automation in Casablanca.,False
en/agence-email-marketing-crm/marketing-automation/cotonou.html,0,,534,Marketing Automation in Cotonou.,False
en/agence-email-marketing-crm/marketing-automation/dakar.html,0,,537,Marketing Automation in Dakar.,False
en/agence-email-marketing-crm/marketing-automation/lyon.html,0,,531,Marketing Automation in Lyon.,False
en/agence-email-marketing-crm/marketing-automation/marseille.html,0,,529,Marketing Automation in Marseille.,False
en/agence-email-marketing-crm/marketing-automation/montreal.html,0,,529,Marketing Automation in Montreal.,False
en/agence-email-marketing-crm/marketing-automation/paris.html,0,,531,Marketing Automation in Paris.,False
en/agence-email-marketing-crm/marketing-automation/tunis.html,0,,535,Marketing Automation in Tunis.,False
en/agence-email-marketing-crm/sequences-nurturing/abidjan.html,0,,529,Nurturing Sequences in Abidjan.,False
en/agence-email-marketing-crm/sequences-nurturing/bruxelles.html,0,,530,Nurturing Sequences in Brussels.,False
en/agence-email-marketing-crm/sequences-nurturing/casablanca.html,0,,536,Nurturing Sequences in Casablanca.,False
en/agence-email-marketing-crm/sequences-nurturing/cotonou.html,0,,533,Nurturing Sequences in Cotonou.,False
en/agence-email-marketing-crm/sequences-nurturing/dakar.html,0,,536,Nurturing Sequences in Dakar.,False
en/agence-email-marketing-crm/sequences-nurturing/lyon.html,0,,530,Nurturing Sequences in Lyon.,False
en/agence-email-marketing-crm/sequences-nurturing/marseille.html,0,,528,Nurturing Sequences in Marseille.,False
en/agence-email-marketing-crm/sequences-nurturing/montreal.html,0,,528,Nurturing Sequences in Montreal.,False
en/agence-email-marketing-crm/sequences-nurturing/paris.html,0,,530,Nurturing Sequences in Paris.,False
en/agence-email-marketing-crm/sequences-nurturing/tunis.html,0,,534,Nurturing Sequences in Tunis.,False
en/agence-design-branding/charte-graphique/abidjan.html,0,,531,Brand Guidelines in Abidjan.,False
en/agence-design-branding/charte-graphique/bruxelles.html,0,,532,Brand Guidelines in Brussels.,False
en/agence-design-branding/charte-graphique/casablanca.html,0,,538,Brand Guidelines in Casablanca.,False
en/agence-design-branding/charte-graphique/cotonou.html,0,,535,Brand Guidelines in Cotonou.,False
en/agence-design-branding/charte-graphique/dakar.html,0,,538,Brand Guidelines in Dakar.,False
en/agence-design-branding/charte-graphique/lyon.html,0,,532,Brand Guidelines in Lyon.,False
en/agence-design-branding/charte-graphique/marseille.html,0,,530,Brand Guidelines in Marseille.,False
en/agence-design-branding/charte-graphique/montreal.html,0,,530,Brand Guidelines in Montreal.,False
en/agence-design-branding/charte-graphique/paris.html,0,,532,Brand Guidelines in Paris.,False
en/agence-design-branding/charte-graphique/tunis.html,0,,536,Brand Guidelines in Tunis.,False
en/agence-design-branding/creation-logo/abidjan.html,0,,531,Logo Design in Abidjan.,False
en/agence-design-branding/creation-logo/bruxelles.html,0,,532,Logo Design in Brussels.,False
en/agence-design-branding/creation-logo/casablanca.html,0,,538,Logo Design in Casablanca.,False
en/agence-design-branding/creation-logo/cotonou.html,0,,535,Logo Design in Cotonou.,False
en/agence-design-branding/creation-logo/dakar.html,0,,538,Logo Design in Dakar.,False
en/agence-design-branding/creation-logo/lyon.html,0,,532,Logo Design in Lyon.,False
en/agence-design-branding/creation-logo/marseille.html,0,,530,Logo Design in Marseille.,False
en/agence-design-branding/creation-logo/montreal.html,0,,530,Logo Design in Montreal.,False
en/agence-design-branding/creation-logo/paris.html,0,,532,Logo Design in Paris.,False
en/agence-design-branding/creation-logo/tunis.html,0,,536,Logo Design in Tunis.,False
en/agence-design-branding/direction-artistique/abidjan.html,0,,531,Art Direction in Abidjan.,False
en/agence-design-branding/direction-artistique/bruxelles.html,0,,532,Art Direction in Brussels.,False
en/agence-design-branding/direction-artistique/casablanca.html,0,,538,Art Direction in Casablanca.,False
en/agence-design-branding/direction-artistique/cotonou.html,0,,535,Art Direction in Cotonou.,False
en/agence-design-branding/direction-artistique/dakar.html,0,,538,Art Direction in Dakar.,False
en/agence-design-branding/direction-artistique/lyon.html,0,,532,Art Direction in Lyon.,False
en/agence-design-branding/direction-artistique/marseille.html,0,,530,Art Direction in Marseille.,False
en/agence-design-branding/direction-artistique/montreal.html,0,,530,Art Direction in Montreal.,False
en/agence-design-branding/direction-artistique/paris.html,0,,532,Art Direction in Paris.,False
en/agence-design-branding/direction-artistique/tunis.html,0,,536,Art Direction in Tunis.,False
en/agence-design-branding/identite-visuelle/abidjan.html,0,,531,Visual Identity in Abidjan.,False
en/agence-design-branding/identite-visuelle/bruxelles.html,0,,532,Visual Identity in Brussels.,False
en/agence-design-branding/identite-visuelle/casablanca.html,0,,538,Visual Identity in Casablanca.,False
en/agence-design-branding/identite-visuelle/cotonou.html,0,,535,Visual Identity in Cotonou.,False
en/agence-design-branding/identite-visuelle/dakar.html,0,,538,Visual Identity in Dakar.,False
en/agence-design-branding/identite-visuelle/lyon.html,0,,532,Visual Identity in Lyon.,False
en/agence-design-branding/identite-visuelle/marseille.html,0,,530,Visual Identity in Marseille.,False
en/agence-design-branding/identite-visuelle/montreal.html,0,,530,Visual Identity in Montreal.,False
en/agence-design-branding/identite-visuelle/paris.html,0,,532,Visual Identity in Paris.,False
en/agence-design-branding/identite-visuelle/tunis.html,0,,536,Visual Identity in Tunis.,False
en/agence-design-branding/packaging-design/abidjan.html,0,,532,Packaging Design in Abidjan.,False
en/agence-design-branding/packaging-design/bruxelles.html,0,,533,Packaging Design in Brussels.,False
en/agence-design-branding/packaging-design/casablanca.html,0,,539,Packaging Design in Casablanca.,False
en/agence-design-branding/packaging-design/cotonou.html,0,,536,Packaging Design in Cotonou.,False
en/agence-design-branding/packaging-design/dakar.html,0,,539,Packaging Design in Dakar.,False
en/agence-design-branding/packaging-design/lyon.html,0,,533,Packaging Design in Lyon.,False
en/agence-design-branding/packaging-design/marseille.html,0,,531,Packaging Design in Marseille.,False
en/agence-design-branding/packaging-design/montreal.html,0,,531,Packaging Design in Montreal.,False
en/agence-design-branding/packaging-design/paris.html,0,,533,Packaging Design in Paris.,False
en/agence-design-branding/packaging-design/tunis.html,0,,537,Packaging Design in Tunis.,False
en/agence-creation-sites-web/developpement-sur-mesure/abidjan.html,0,,529,Custom Development in Abidjan.,False
en/agence-creation-sites-web/developpement-sur-mesure/bruxelles.html,0,,530,Custom Development in Brussels.,False
en/agence-creation-sites-web/developpement-sur-mesure/casablanca.html,0,,536,Custom Development in Casablanca.,False
en/agence-creation-sites-web/developpement-sur-mesure/cotonou.html,0,,533,Custom Development in Cotonou.,False
en/agence-creation-sites-web/developpement-sur-mesure/dakar.html,0,,536,Custom Development in Dakar.,False
en/agence-creation-sites-web/developpement-sur-mesure/lyon.html,0,,530,Custom Development in Lyon.,False
en/agence-creation-sites-web/developpement-sur-mesure/marseille.html,0,,528,Custom Development in Marseille.,False
en/agence-creation-sites-web/developpement-sur-mesure/montreal.html,0,,528,Custom Development in Montreal.,False
en/agence-creation-sites-web/developpement-sur-mesure/paris.html,0,,530,Custom Development in Paris.,False
en/agence-creation-sites-web/developpement-sur-mesure/tunis.html,0,,534,Custom Development in Tunis.,False
en/agence-creation-sites-web/figma-ui-design/abidjan.html,0,,545,Design UI/UX Figma in Abidjan.,False
en/agence-creation-sites-web/figma-ui-design/bruxelles.html,0,,546,Design UI/UX Figma in Brussels.,False
en/agence-creation-sites-web/figma-ui-design/casablanca.html,0,,552,Design UI/UX Figma in Casablanca.,False
en/agence-creation-sites-web/figma-ui-design/cotonou.html,0,,549,Design UI/UX Figma in Cotonou.,False
en/agence-creation-sites-web/figma-ui-design/dakar.html,0,,552,Design UI/UX Figma in Dakar.,False
en/agence-creation-sites-web/figma-ui-design/lyon.html,0,,546,Design UI/UX Figma in Lyon.,False
en/agence-creation-sites-web/figma-ui-design/marseille.html,0,,544,Design UI/UX Figma in Marseille.,False
en/agence-creation-sites-web/figma-ui-design/montreal.html,0,,544,Design UI/UX Figma in Montreal.,False
en/agence-creation-sites-web/figma-ui-design/paris.html,0,,546,Design UI/UX Figma in Paris.,False
en/agence-creation-sites-web/figma-ui-design/tunis.html,0,,550,Design UI/UX Figma in Tunis.,False
en/agence-creation-sites-web/shopify/abidjan.html,0,,529,Shopify Agency in Abidjan.,False
en/agence-creation-sites-web/shopify/bruxelles.html,0,,530,Shopify Agency in Brussels.,False
en/agence-creation-sites-web/shopify/casablanca.html,0,,536,Shopify Agency in Casablanca.,False
en/agence-creation-sites-web/shopify/cotonou.html,0,,533,Shopify Agency in Cotonou.,False
en/agence-creation-sites-web/shopify/dakar.html,0,,536,Shopify Agency in Dakar.,False
en/agence-creation-sites-web/shopify/lyon.html,0,,530,Shopify Agency in Lyon.,False
en/agence-creation-sites-web/shopify/marseille.html,0,,528,Shopify Agency in Marseille.,False
en/agence-creation-sites-web/shopify/montreal.html,0,,528,Shopify Agency in Montreal.,False
en/agence-creation-sites-web/shopify/paris.html,0,,530,Shopify Agency in Paris.,False
en/agence-creation-sites-web/shopify/tunis.html,0,,534,Shopify Agency in Tunis.,False
en/agence-creation-sites-web/webflow/abidjan.html,0,,529,Webflow Agency in Abidjan.,False
en/agence-creation-sites-web/webflow/bruxelles.html,0,,530,Webflow Agency in Brussels.,False
en/agence-creation-sites-web/webflow/casablanca.html,0,,536,Webflow Agency in Casablanca.,False
en/agence-creation-sites-web/webflow/cotonou.html,0,,533,Webflow Agency in Cotonou.,False
en/agence-creation-sites-web/webflow/dakar.html,0,,536,Webflow Agency in Dakar.,False
en/agence-creation-sites-web/webflow/lyon.html,0,,530,Webflow Agency in Lyon.,False
en/agence-creation-sites-web/webflow/marseille.html,0,,528,Webflow Agency in Marseille.,False
en/agence-creation-sites-web/webflow/montreal.html,0,,528,Webflow Agency in Montreal.,False
en/agence-creation-sites-web/webflow/paris.html,0,,530,Webflow Agency in Paris.,False
en/agence-creation-sites-web/webflow/tunis.html,0,,534,Webflow Agency in Tunis.,False
en/agence-creation-sites-web/wordpress/abidjan.html,0,,529,WordPress Agency in Abidjan.,False
en/agence-creation-sites-web/wordpress/bruxelles.html,0,,530,WordPress Agency in Brussels.,False
en/agence-creation-sites-web/wordpress/casablanca.html,0,,536,WordPress Agency in Casablanca.,False
en/agence-creation-sites-web/wordpress/cotonou.html,0,,533,WordPress Agency in Cotonou.,False
en/agence-creation-sites-web/wordpress/dakar.html,0,,536,WordPress Agency in Dakar.,False
en/agence-creation-sites-web/wordpress/lyon.html,0,,530,WordPress Agency in Lyon.,False
en/agence-creation-sites-web/wordpress/marseille.html,0,,528,WordPress Agency in Marseille.,False
en/agence-creation-sites-web/wordpress/montreal.html,0,,528,WordPress Agency in Montreal.,False
en/agence-creation-sites-web/wordpress/paris.html,0,,530,WordPress Agency in Paris.,False
en/agence-creation-sites-web/wordpress/tunis.html,0,,534,WordPress Agency in Tunis.,False
